CREATE TABLE `j` (
       `Jnum` varchar(6) NOT NULL default '',
       `Jname` varchar(20) default NULL,
	   `City` varchar(20) default NULL,
       PRIMARY KEY (`Jnum`)
     ) ENGINE=MyISAM;
CREATE TABLE `p` (
       `Pnum` varchar(6) NOT NULL default '',
       `Pname` varchar(20) default NULL,
       `Color` varchar(20) default NULL,
       `Weight` int(11) default NULL,
       `City` varchar(20) default NULL,
       PRIMARY KEY (`Pnum`)
     ) ENGINE=MyISAM;
CREATE TABLE `s` (
       `Snum` varchar(6) NOT NULL default '',
       `Sname` varchar(20) default NULL,
       `Rating` int(11) default NULL,
       `City` varchar(20) default NULL,
       PRIMARY KEY (`Snum`)
     ) ENGINE=MyISAM;
	 
CREATE TABLE `spj` (
		`Snum` varchar(6) NOT NULL default '',
		`Pnum` varchar(6) NOT NULL default '',
		`Jnum` varchar(6) NOT NULL default '',
		`Quantity` int(11) default NULL,
		PRIMARY KEY (`Snum`,`Pnum`,`Jnum`)
) ENGINE=MyISAM;

INSERT INTO s VALUES
	("S1","Смит" ,20,"Лондон"),
	("S2","Джонс",10,"Париж"),
	("S3","Блейк",30,"Париж"),
	("S4","Кларк",20,"Лондон"),
	("S5","Адамс",30,"Афины");
INSERT INTO p VALUES
	("P1","Гайка","Красный" ,12,"Лондон"),
	("P2","Болт","Зеленый",17,"Париж"),
	("P3","Винт","Голубой",17,"Рим"),
	("P4","Винт","Красный" ,14,"Лондон"),
	("P5","Кулачок","Голубой",12,"Париж"),
	("P6","Блюм","Красный",19,"Лондон");
INSERT INTO j VALUES
	("J1","Жесткий диск","Париж"),
	("J2","Перфоратор","Рим"),
	("J3","Считыватель","Афины"),
	("J4","Принтер","Афины"),
	("J5","Флоппи-диск","Лондон"),
	("J6","Терминал","Осло"),
	("J7","Лента","Лондон");
INSERT INTO spj VALUES
	("S1","P1","J1","200"),
	("S1","P1","J4","700"),
	("S2","P3","J1","400"),
	("S2","P3","J2","200"),
	("S2","P3","J3","200"),
	("S2","P3","J4","500"),
	("S2","P3","J5","600"),
	("S2","P3","J6","400"),
	("S2","P3","J7","800"),
	("S2","P5","J2","100"),
	("S3","P3","J1","200"),
	("S3","P4","J2","500"),
	("S4","P6","J3","300"),
	("S4","P6","J7","300"),
	("S5","P2","J2","200"),
	("S5","P2","J4","100"),
	("S5","P5","J5","500"),
	("S5","P5","J7","100"),
	("S5","P6","J2","200"),
	("S5","P1","J4","100"),
	("S5","P3","J4","200"),
	("S5","P4","J4","800"),
	("S5","P5","J4","400"),
	("S5","P6","J4","500");